SET FOREIGN_KEY_CHECKS=0;

-- Dumping data for table `customer`
INSERT INTO `customer` (`customer_id`, `cust_name`, `cust_address`, `cust_city`, `cust_state`, `cust_zipcode`, `cust_email`, `cust_phone`) VALUES
(1, 'John Smith', '123 Albert Rd', 'Fairfax', 'VA', '22011', 'jsmith@example.com', '5715990090'),
(2, 'Alice Tran', '456 Blue Sky Way', 'Chantilly', 'VA', '20151', 'atran@example.com', '7034429967'),
(3, 'Alex Han', '99 Horizontal Lane', 'Chantilly', 'VA', '20151', 'ahan@example.com', '7035556666'),
(4, 'Alex Nguyen', '102 Vertical Court', 'Chantilly', 'VA', '20151', 'anguyen@example.com', '5718907676'),
(5, 'Tiffany Mina', '99 Rose Street', 'Fairfax', 'VA', '22030', 'tmina@example.com', '7038889999'),
(6, 'Katherine Wright', '34 Blue Street', 'Milwaukee', 'WI', '53202', 'kwright@example.com', '7035556789'),
(7, 'Alice May', '34 Snowflake Terr', 'Madison', 'WI', '53703', 'amay@example.com', '2035556789'),
(8, 'Henry Jay', '123 Rose Street', 'Fairfax', 'VA', '22030', 'hjay@example.com', '5715289496'),
(9, 'Joyce Smith', '55 Wall Street', 'Chantilly', 'VA', '20152', 'jsmith2@example.com', '5718889090'),
(10, 'Ngoc Han', '123 Rose Sweet St', 'Fairfax', 'VA', '22031', 'ngochan@example.com', '7034567878'),
(11, 'Emma Tran', '78 Langley Street', 'Chantilly', 'VA', '20151', 'etran@example.com', '7035678907'),
(12, 'Michael Jay', '9 Langley Road', 'Ashburn', 'VA', '20147', 'mjay@example.com', '5017778888'),
(13, 'Washington Lee', '99 Blue Sky Blvd', 'Chantilly', 'VA', '20151', 'wlee@example.com', '3035678907'),
(14, 'Anne Tran', '82 Langley Street', 'Chantilly', 'VA', '20151', 'atran2@example.com', '7035678907'),
(15, 'Joy Hans', '45 Alder Wood Ct', 'Reston', 'VA', '20190', 'jhans@example.com', '7038889090'),
(16, 'Winson Le', '101 Pompeli Road', 'Herndon', 'VA', '20170', 'wle@example.com', '7035678907'),
(17, 'Johanna Vesta', '78 Langley Street', 'Chantilly', 'VA', '20151', 'jvesta@example.com', '5715989495'),
(18, 'Minh Nguyen', '112 Langley Street', 'Arlington', 'VA', '22201', 'mnguyen@example.com', '2035678907'),
(19, 'Michael Jay Jr.', '125 Rose Street', 'Arlington', 'VA', '22202', 'mjayjr@example.com', '5715289496'),
(20, 'Jay Chou', '153 Rainbow Street', 'Arlington', 'VA', '22202', 'jchou@example.com', '5715789499'),
(21, 'Johanna Rivers', '80 Langley Street', 'Chantilly', 'VA', '20151', 'jrivers@example.com', '2035678907'),
(22, 'Elisa Nguyen', '99 Alder Wood Dr', 'Fairfax', 'VA', '22033', 'enguyen@example.com', '7034567890'),
(23, 'Anne Tran', '202 Langley Street', 'Chantilly', 'VA', '20151', 'atran3@example.com', '7035678906'),
(24, 'Yen Nguyen', '22 Langley Street', 'Chantilly', 'VA', '20151', 'yenguyen@example.com', '2035678907'),
(25, 'Anh Tran', '1111 Apple Street', 'Fairfax', 'VA', '22030', 'atran4@example.com', '7031111111'),
(26, 'Nancy Tran', '123 Shore Street', 'Arlington', 'VA', '22203', 'ntran@example.com', '7032222222'),
(27, 'Robert Smith', '200 Alpha Lane', 'Fairfax', 'VA', '22031', 'rsmith@example.com', '7034567890'),
(28, 'Phuong Tran', '1234 Smith Ct', 'Alexandria', 'VA', '22301', 'ptran@example.com', '5712223333'),
(29, 'Hekko Vahn', '125 Shore Street', 'Fairfax', 'VA', '22030', 'hvahn@example.com', '7034567891'),
(30, 'Alex Mai', '11123 Apple St', 'Falls Church', 'VA', '22042', 'amai@example.com', '8045909090'),
(31, 'Anh D Tran', '1115 Apple Street', 'Fairfax', 'VA', '22030', 'adtran@example.com', '7031111111'),
(32, 'Kitty Chen', '55 Snow Lake Dr', 'Arlington', 'VA', '22201', 'kchen@example.com', '5017778908'),
(33, 'Kitty Lee', '34 Blue Street', 'Falls Church', 'VA', '22042', 'klee@example.com', '5715789493');

-- Dumping data for table `shipping_order`
INSERT INTO `shipping_order` (`shipping_order_id`, `mst`, `send_date`, `airport_delivery_date`, `total_weight`, `num_of_packages`, `package_value`, `custom_fee`, `insurance`, `payment_method`, `user_id`, `location`, `customer_id`, `recipient_id`, `price_per_lb`, `amount`, `custom_fee_taxed_item`, `sales_id`, `note`) VALUES
(1, '14000', '2022-02-28', '2022-02-28', 16.5, 1, 0, 0, 0, 'Cash', 1, 'Long An Province', 22, 38, 3.25, 228.63, 'NONE', 8, NULL),
(2, '14001', '2022-03-03', '2022-03-03', 13, 1, 250, 16, 0, 'Credit', 1, 'Sai Gon', 8, 19, 3.25, 58.25, '8 lbs Vitamin', NULL, NULL),
(3, '14002', '2022-03-05', '2022-03-05', 11, 1, 0, 20, 0, 'Zelle', 1, 'Sai Gon', 1, 39, 3.25, 55.75, '8 pairs shoes', NULL, NULL),
(4, '14003', '2022-03-08', '2022-03-08', 27.5, 2, 80, 10, 0, 'Cash', 1, 'Binh Duong Province', 23, 40, 3.75, 113.13, '5 Ensure milk cases', NULL, NULL),
(5, '14004', '2022-03-10', '2022-03-10', 7.5, 1, 0, 6, 0, 'Venmo', 1, 'Sai Gon', 2, 2, 3.25, 30.38, '3 pairs shoes', NULL, NULL),
(6, '14005', '2022-03-08', '2022-03-08', 15, 1, 0, 16, 0, 'Cash', 1, 'Sai Gon', 10, 21, 3.5, 68.5, '8 lbs multivitamins', NULL, NULL),
(7, '14006', '2022-03-10', '2022-03-10', 40, 1, 80, 0, 0, 'Cash', 1, 'Dong Nai Province', 24, 41, 3.75, 350, 'NONE', 9, NULL),
(8, '14007', '2022-03-11', '2022-03-11', 12, 1, 250, 0, 0, 'Cash', 1, 'Sai Gon', 8, 19, 3.5, 122, 'NONE', 10, NULL),
(9, '14008', '2022-03-11', '2022-03-11', 19, 1, 80, 0, 0, 'Credit', 1, 'Binh Duong Province', 13, 28, 3.75, 186.25, 'NONE', 13, NULL),
(10, '14009', '2022-03-14', '2022-03-16', 14.3, 1, 50, 15, 0, 'Check', 1, 'Sai Gon', 9, 20, 3.5, 228.05, '4 pairs shoes', 17, NULL),
(12, '14010', '2022-03-15', '2022-03-15', 17, 1, 0, 35, 0, 'Zelle', 2, 'Tay Ninh Province', 2, 12, 3.75, 168.75, '10 pairs shoes', 19, NULL),
(13, '14011', '2022-03-16', '2022-03-16', 23.5, 2, 80, 16, 0, 'Cash', 2, 'Lam Dong Province', 14, 30, 3.5, 213.25, '8 pairs shoes', 24, NULL),
(14, '14012', '2022-03-18', '2022-03-20', 15.67, 1, 0, 150, 10, 'Cash', 2, 'Sai Gon', 25, 42, 2.95, 279.23, 'Electronics (iPhone 12)', 25, NULL),
(15, '14013', '2022-03-18', '2022-03-20', 40.8, 2, 0, 150, 10, 'Cash', 2, 'Vung Tau City', 26, 43, 3.75, 386, 'Electronics (iPhone 12)', 26, NULL),
(16, '14014', '2022-03-16', '2022-03-16', 7.45, 1, 80, 0, 0, 'Cash', 2, 'Sai Gon', 13, 28, 3.25, 104.21, 'Personal Effects', 27, NULL),
(17, '14015', '2022-03-16', '2022-03-16', 11.25, 1, 0, 0, 0, 'Credit', 2, 'Sai Gon', 2, 2, 3.75, 112.19, 'Personal Effects', 28, NULL),
(18, '14016', '2022-03-16', '2022-03-19', 5, 1, 0, 0, 0, 'Cash', 3, 'Sai Gon', 27, 44, 3.5, 17.5, 'Personal Effects', NULL, NULL),
(19, '14017', '2022-03-18', '2022-03-20', 40.31, 3, 0, 55, 10, 'Zelle', 3, 'Sai Gon', 28, 45, 2.95, 231.91, 'Electronics (iPad, Airpods)', 29, NULL),
(20, '14018', '2022-03-16', '2022-03-18', 23.21, 4, 0, 0, 0, 'Cash', 3, 'Sai Gon', 29, 46, 3.25, 75.43, 'Personal Effects', NULL, NULL),
(21, '14019', '2022-03-16', '2022-03-18', 22.82, 3, 50, 0, 0, 'Zelle', 3, 'Sai Gon', 9, 20, 3.25, 74.17, 'Personal Effects', NULL, NULL),
(22, '14020', '2022-03-17', '2022-03-17', 24.33, 3, 0, 0, 0, 'Cash', 3, 'Sai Gon', 1, 47, 3.25, 79.07, 'Personal Effects', NULL, NULL),
(23, '14021', '2022-03-17', '2022-03-21', 25.05, 4, 0, 100, 10, 'Zelle', 3, 'Sai Gon', 30, 48, 3.25, 231.41, 'Electronics (iPad)', 32, 'Order Cancelled'),
(24, '14022', '2022-03-17', '2022-03-21', 20.35, 3, 0, 4, 10, 'Check', 3, 'Binh Thuan Province', 1, 4, 3.75, 133.31, '2 pairs shoes', 33, NULL),
(25, '14023', '2022-03-17', '2022-03-17', 12.16, 3, 0, 0, 0, 'Zelle', 3, 'Bac Lieu Province', 32, 49, 3.75, 45.6, 'Personal Effects', NULL, NULL),
(26, '14024', '2022-03-17', '2026-04-14', 19.85, 3, 0, 0, 0, 'Venmo', 3, 'Sai Gon', 33, 50, 3.25, 64.51, 'Personal Effects', 34, NULL),
(27, '14025', '2022-03-18', '2026-04-16', 11.35, 1, 0, 0, 0, 'Credit', 3, 'Sai Gon', 25, 42, 3.25, 106.89, 'Personal Effects', 36, 'Refunded'),
(28, '14026', '2022-03-18', '2026-04-17', 6.75, 1, 80, 0, 0, 'Venmo', 3, 'Hue City', 13, 28, 3.25, 21.94, 'Personal Effects', NULL, NULL),
(29, '14027', '2022-03-18', '2026-04-18', 6.78, 1, 0, 0, 0, 'Zelle', 3, 'Sai Gon', 13, 28, 3.25, 22.04, 'Personal Effects', NULL, 'Order Cancelled');

-- Dumping data for table `package`
INSERT INTO `package` (`pkg_id`, `shipping_order_id`, `package_desc`, `package_weight`, `mst`, `pkg_tracking_no`) VALUES
(1, 1, '15 Ensure Milk', 16.5, '14000', 1),
(2, 2, '10 Fish Oils', 13, '14001', 1),
(3, 3, '10 shoes', 11, '14002', 1),
(4, 4, '15 Ensure', 16.5, '14003', 1),
(5, 4, '10 Vitamin C, 100 Ginger Candies, 28 dried dates', 11, '14003', 2),
(6, 5, 'Clothes, 5 Tylenol, 5 shoes', 7.5, '14004', 1),
(7, 6, '10 Vitamin C, 100 Ginger candy packages', 15, '14005', 1),
(8, 7, '38 Vitamin C', 40, '14006', 1),
(9, 8, '10 Fish Oils', 12, '14007', 1),
(10, 9, '80 Candies,  15 Fish Oils', 19, '14008', 1),
(11, 10, '10 Candies, 10 Ensures, 15 Fish Oils, 2 chai Dau Cu La', 4.3, '14009', 1),
(13, 12, '12 Shoes, 10 Ensure', 17, '14010', 1),
(14, 13, '10 Vitamin C, 10 Ginger Candies', 10, '14011', 1),
(15, 13, '20 dried dates', 13.5, '14011', 2),
(16, 14, 'Shoes, Medicine, Clothes', 15.67, '14012', 1),
(17, 15, 'Clothes, Medicine, Shoes', 15.35, '14013', 1),
(18, 15, 'Clothes, Medicine, Shoes', 25.45, '14013', 2),
(19, 16, '5 Vitamin C, 8 Ensure, 28 dried dates', 7.45, '14014', 1),
(20, 17, '10 Ensure', 11.25, '14015', 1),
(21, 18, 'Lavender Oil', 5, '14016', 1),
(22, 19, 'Food, Shoes, Medicine', 14.39, '14017', 1),
(23, 19, 'Toys, Shoes, Medicine', 13.37, '14017', 2),
(24, 20, 'Ensure', 10.87, '14018', 1),
(25, 20, '10 Fish Oils', 6.37, '14018', 2),
(26, 20, '5 Vitamin C', 5.97, '14018', 3),
(27, 21, '8 Fish Oils', 10.32, '14019', 1),
(28, 21, '100 Lolippop, clothes', 5.75, '14019', 2),
(29, 21, '8 shoes', 6.75, '14019', 3),
(30, 22, '10 Fish Oils', 11.32, '14020', 1),
(31, 22, 'Clothes', 5.63, '14020', 2),
(32, 22, '5 Shoes', 7.38, '14020', 3),
(33, 23, 'Clothes', 5.67, '14021', 1),
(34, 23, '6 Shoes', 7.98, '14021', 2),
(35, 23, 'Blender', 6.4, '14021', 3),
(36, 23, 'Ipad', 5, '14021', 4),
(37, 24, 'Clothes', 5.68, '14022', 1),
(38, 24, 'Perfumes', 6.78, '14022', 2),
(39, 24, 'Vitamins', 7.89, '14022', 3),
(40, 25, 'Clothes', 5.43, '14023', 1),
(41, 25, '5 Vitamin C', 6.73, '14023', 2),
(42, 26, 'Clothes', 5.3, '14024', 1),
(43, 26, '6 Shoes', 7.8, '14024', 2),
(44, 26, '4 Vitamin E', 6.75, '14024', 3),
(45, 27, '10 Ensure', 11.35, '14025', 1),
(46, 28, '5 Vitamin C, 8 Ensure, 28 dried date boxes', 6.75, '14026', 1),
(47, 29, '5 Vitamin C, 8 Ensure, 30 chocolates', 6.78, '14027', 1);

-- Dumping data for table `products`
INSERT INTO `products` (`product_id`, `product_code`, `product_category`, `product_name`, `unit_price`, `qty_onhand`, `product_location`) VALUES
(58, 'SKU001', 'Vitamin', ' Vitamin C ', 40, 89, 'Middle shelf - 5B'),
(59, 'SKU002', 'Dairy', ' Ensure milk ', 35, 99, 'Left shelf - 4A'),
(60, 'SKU003', 'Candies/Snack', ' Ginger ', 43, 69, 'Right shelf - 3A'),
(61, 'SKU004', 'Vitamin', 'Fish Oil', 40, 164, 'Middle shelf - 5B'),
(62, 'SKU005', 'Medicine', 'Tylenol', 40, 46, 'Middle shelf - 5B'),
(63, 'SKU006', 'Vitamin', 'Vitamin A', 30, 50, '4A'),
(64, 'SKU007', 'Candies/Snack', 'Lolippop', 15, 117, '5B'),
(65, 'SKU008', 'Candies/Snack', 'Mint candy', 50, 115, '4A'),
(66, 'SKU009', 'Bread', 'banh mi', 8, 12, '8X'),
(67, 'SKU010', 'Vitamin', 'Vitamin E', 30, 5, 'Right shelf - 3A'),
(69, 'SKU011', 'Vitamin', 'Gummy', 22.99, 50, 'Right shelf - 4B'),
(70, 'SKU012', 'Vitamin', 'Superman', 39.99, 30, 'Right shelf - 4B'),
(71, 'SKU013', 'Vitamin', 'MultiCentrum50Plus', 23.99, 50, 'Right shelf - 5A'),
(72, 'SKU014', 'Snack', 'Kitty Candy', 8.5, 29, 'Left shelf - 5A'),
(75, 'SKU016', 'Vitamin', 'Vitamin B1', 15, 105, 'Right shelf - 5B');

-- Dumping data for table `recipient`
INSERT INTO `recipient` (`recipient_id`, `recipient_name`, `recipient_address`, `recipient_phone`, `customer_id`, `recipient_email`) VALUES
(1, 'Ana Smith', '234 Rose Street, District 1, Sai Gon', '0913888666', 1, 'asmith@example.vn'),
(2, 'Alex Nguyen', '98 Sunlight Way, Da Nang City', '0918855333', 2, 'alexn@example.vn'),
(3, 'Hung Le', '78 Lake Village, Bien Hoa City', '0913555777', 1, 'hungle@example.vn'),
(4, 'Hieu Nguyen', '88 Winter Snow Lane, District 3, HCM', '0918789111', 1, 'hieun@example.vn'),
(6, 'Trinh Trinh', '84 Rose Street, District 10, HCM', '0913260777', 1, 'ttrinh@example.vn'),
(8, 'Hong Chau', '55 Sunny Lake Blvd, District 1, HCM', '0913456888', 2, 'hchau@example.vn'),
(10, 'Yen Le', '58 Snowflake Terrace, District 5, HCM', '0913888222', 2, 'yle@example.vn'),
(12, 'Phuong Dang', '1302 Betty Lane, Long An Province', '0913270999', 2, 'pdang@example.vn'),
(13, 'Khanh Vi', '123 Pham Ngu Lao, District 1, HCM', '0903222111', 2, 'kvi@example.vn'),
(15, 'Van Van', '125 Pham Ngu Lao, District 1, HCM', '0913260181', 5, 'vanvan@example.vn'),
(16, 'Rose Maine', '89 Anne Village, Ward 4, Vung Tau', '0918887979', 6, 'rmaine@example.vn'),
(17, 'Henry Mai', '102 Ocean View, Ward 1, Vung Tau', '0917123999', 7, 'hmai@example.vn'),
(18, 'Minh Tran', '44 Horizon Street, Bien Hoa', '0905111222', 2, 'mtran@example.vn'),
(19, 'Nguyen Nguyen', '88 To Hien Thanh, District 10, HCM', '0913555678', 8, 'nnguyen@example.vn'),
(20, 'Alex Chau', '88 Nguyen Thi Minh Khai, District 3, HCM', '0918855378', 9, 'achau@example.vn'),
(21, 'Loan Nguyen', '89 Ben Nghe, District 1, HCM', '0918789989', 10, 'lnguyen@example.vn'),
(22, 'Phuc Le', '12 Sky Tower, District 1, HCM', '0903444555', 10, 'ple@example.vn'),
(23, 'Hong Ai', '1000 Ben Thanh, District 1, HCM', '0917675678', 11, 'hai@example.vn'),
(24, 'Chau Chau', '90 To Hien Thanh, District 10, HCM', '0903882829', 1, 'cchau@example.vn'),
(25, 'Thao Vy', '502 Ruby Garden, District 7, HCM', '0913555333', 5, 'tvy@example.vn'),
(26, 'Emma Watson', '158 Phan Thanh Gian, Bao Loc City', '0913456789', 12, 'ewatson@example.vn'),
(28, 'Anita Kim', '10 Nguyen Dinh Chieu, District 1, HCM', '0913888678', 13, 'akim@example.vn'),
(29, 'Linh Chi', '11 Nguyen Trai, District 3, HCM', '0913456789', 12, 'lchi@example.vn'),
(30, 'Ngoc Tran', '90 Ben Thanh, District 1, HCM', '0813555698', 14, 'ntran@example.vn'),
(31, 'Anna Tran', '108 To Hien Thanh, District 10, HCM', '0910855378', 15, 'atran@example.vn'),
(32, 'Daisy Dan', '31 Nguyen Hue, District 1, HCM', '0916672378', 16, 'ddan@example.vn'),
(33, 'Hong Ai', '1002 Ben Thanh, District 1, HCM', '0916123678', 17, 'hai2@example.vn'),
(34, 'An Nguyen', '999 Nguyen Thi Minh Khai, District 3, HCM', '0914123678', 18, 'anguyen@example.vn'),
(35, 'Nguyen Tran', '188 To Hien Thanh, District 10, HCM', '0913555000', 19, 'ntran2@example.vn'),
(36, 'An Nguyen', '188 NTMK, District 10, HCM', '0913555343', 20, 'anguyen2@example.vn'),
(37, 'Nguyen Nguyen', '109 Ly Thanh Tong, District 1, HCM', '0918133998', 21, 'nnguyen2@example.vn'),
(38, 'Ngoc Hoang', '78 Tran Phu, Bao Loc, Lam Dong', '0918765456', 22, 'nhoang@example.vn'),
(39, 'Tina Le', '15 Nguyen Hue Pedestrian, District 1, HCM', '0903000999', 1, 'tle@example.vn'),
(40, 'Ngoc Tran', '95 Ben Thanh Market, District 1, HCM', '0813555696', 23, 'ntran3@example.vn'),
(41, 'Hong Ai', '72 Ben Thanh, District 1, HCM', '0919909678', 24, 'hai3@example.vn'),
(42, 'Bao Tran', '123 Nguyen Trao, Sai Gon', '0903222543', 25, 'btran@example.vn'),
(43, 'Mai Tran', '6715 Nguyen Tao Tinh, Dong Nai', '0905123456', 26, 'mtran@example.vn'),
(44, 'An Tran', '123 Pham Ngu Lao, HCM', '0914567890', 27, 'atran@example.vn'),
(45, 'Thinh Tran', '889 Nguyen Thao, District 6, HCM', '0987654321', 28, 'ttran@example.vn'),
(46, 'Mina Lee', '127 Pham Ngu Lao, District 1, HCM', '0913555341', 29, 'mlee@example.vn'),
(47, 'Annie Le', '158 Sweet Candy, Bao Loc, Lam Dong', '0913555323', 1, 'ale@example.vn'),
(48, 'Lien Nguyen', '109 Ly Thanh Tong, District 1, HCM', '0913425696', 30, 'lnguyen@example.vn'),
(49, 'Mina Cho', '31 Nguyen Hue, District 1, HCM', '0918133998', 32, 'mcho@example.vn'),
(50, 'Mai Tran', '33 Nguyen Hue, District 1, HCM', '0913270191', 33, 'mtran2@example.vn');

-- Dumping data for table `sales`
INSERT INTO `sales` (`sales_id`, `sales_payment_method`, `sales_custname`, `sales_cust_payment`, `sales_discount`, `sales_date`, `sales_amount`, `mst`, `user_id`, `invoice_number`) VALUES
(1, 'Cash', 'Kitty Chen', 86, 0, '2022-03-11', 86, 0, 1, 1),
(2, 'Cash', 'General Walk-in', 30, 0, '2022-03-11', 30, 0, 1, 2),
(3, 'Cash', 'Emma', 80, 0, '2022-03-11', 80, 0, 1, 3),
(4, 'Credit', 'Mina', 45, 0, '2022-03-11', 45, 0, 1, 4),
(5, 'Cash', 'Henry Jay', NULL, NULL, '2022-03-10', 80, 1, 1, 5),
(6, 'Cash', 'Henry Jay', NULL, NULL, '2022-03-10', 80, 1, 1, 6),
(7, 'Credit', 'Washington Lee', NULL, NULL, '2022-03-10', 175, 14002, 1, 7),
(8, 'Cash', 'Elisa Nguyen', NULL, NULL, '2022-02-28', 175, 14000, 1, 8),
(9, 'Cash', 'Yen Nguyen', NULL, NULL, '2022-03-10', 200, 14006, 1, 9),
(10, 'Cash', 'Henry Jay', NULL, NULL, '2022-03-11', 80, 14007, 1, 10),
(11, 'Cash', 'Henry Jay', NULL, NULL, '2022-03-11', 80, 14007, 1, 11),
(12, 'Cash', 'Henry Jay', NULL, NULL, '2022-03-11', 80, 14007, 1, 12),
(13, 'Credit', 'Washington Lee', NULL, NULL, '2022-03-11', 115, 14008, 1, 13),
(14, 'Cash', 'CL', 120, 0, '2022-03-15', 160, 0, 1, 14),
(15, 'Credit Card', '2', 130, 0, '2022-03-15', 110, 0, 1, 15),
(16, 'Credit Card', '33', 160, 0, '2022-03-15', 166, 0, 1, 16),
(17, 'Check', 'Joyce Smith', NULL, NULL, '2022-03-14', 163, 14009, 1, 17),
(18, 'Cash', 'General Walk-in', 40, 0, '2022-03-15', 40, 0, 1, 18),
(19, 'Zelle', 'Alice Tran', NULL, NULL, '2022-03-15', 70, 14010, 2, 19),
(20, 'Cash', 'Counter Sale', 40, 0, '2022-03-15', 40, 0, 2, 20),
(21, 'Cash', 'Counter Sale', 86, 0, '2022-03-15', 86, 0, 3, 21),
(22, 'Cash', 'Counter Sale', 35, 0, '2022-03-16', 35, 0, 1, 22),
(23, 'Cash', 'Counter Sale', 40, 0, '2022-03-16', 40, 0, 2, 23),
(24, 'Cash', 'Anne Tran', NULL, NULL, '2022-03-16', 115, 14011, 2, 24),
(25, 'Cash', 'Anh Tran', NULL, NULL, '2022-03-18', 73, 14012, 2, 25),
(26, 'Cash', 'Nancy Tran', NULL, NULL, '2022-03-18', 73, 14013, 2, 26),
(27, 'Cash', 'Washington Lee', NULL, NULL, '2022-03-16', 80, 14014, 2, 27),
(28, 'Credit', 'Alice Tran', NULL, NULL, '2022-03-16', 70, 14015, 2, 28),
(29, 'Zelle', 'Phuong Tran', NULL, NULL, '2022-03-18', 40, 14017, 3, 29),
(30, 'Zelle', 'Phuong Tran', NULL, NULL, '2022-03-18', 40, 14017, 3, 30),
(31, 'Zelle', 'Phuong Tran', NULL, NULL, '2022-03-18', 40, 14017, 3, 31),
(32, 'Zelle', 'Alex Mai', NULL, NULL, '2022-03-17', 40, 14021, 3, 32),
(33, 'Check', 'John Smith', NULL, NULL, '2022-03-17', 43, 14022, 3, 33),
(34, 'Venmo', 'Kitty', NULL, NULL, '2022-03-17', 0, 14024, 3, 34),
(35, 'Venmo', 'Kitty', NULL, NULL, '2022-03-17', 0, 14024, 3, 35),
(36, 'Credit', 'Anh Tran', NULL, NULL, '2022-03-17', 70, 14025, 3, 36);

-- Dumping data for table `sales_order`
INSERT INTO `sales_order` (`sales_order_id`, `invoice`, `qty_picked`, `sales_order_amount`, `product_id`, `sales_id`, `sales_unit_price`) VALUES
(1, '1', 2, 86, 60, 1, 43),
(2, '2', 1, 30, 63, 2, 30),
(3, '3', 2, 80, 61, 3, 40),
(4, '4', 3, 45, 64, 4, 15),
(5, '5', 2, NULL, 61, 5, 40),
(6, '6', 2, NULL, 61, 5, 40),
(7, '7', 5, NULL, 59, 7, 35),
(8, '8', 5, NULL, 59, 8, 35),
(9, '9', 10, 100, 59, 9, 35),
(10, '10', 2, 80, 58, 10, 40),
(11, '13', 2, 80, 58, 13, 40),
(12, '13', 1, 35, 59, 13, 35),
(13, '14', 4, 160, 61, 14, 40),
(14, '15', 2, 70, 59, 15, 35),
(15, '15', 1, 40, 61, 15, 40),
(16, '16', 1, 35, 59, 16, 35),
(19, '16', 1, 35, 59, 16, 35),
(20, '17', 1, 43, 60, 17, 43),
(21, '17', 3, 120, 61, 17, 40),
(22, '18', 1, 40, 58, 18, 40),
(23, '19', 2, 70, 59, 19, 35),
(24, '20', 1, 40, 61, 20, 40),
(25, '21', 2, 86, 60, 21, 43),
(26, '22', 1, 35, 59, 22, 35),
(27, '23', 1, 40, 61, 23, 40),
(28, '24', 2, 80, 58, 24, 40),
(29, '24', 1, 35, 59, 24, 35),
(30, '25', 6, 210, 59, 25, 35),
(31, '26', 6, 210, 59, 26, 35),
(32, '27', 2, 80, 58, 27, 40),
(33, '28', 2, 70, 59, 28, 35),
(34, '29', 1, 40, 62, 29, 40),
(35, '29', 1, 40, 62, 29, 40),
(36, '29', 1, 40, 62, 29, 40),
(37, '32', 1, 40, 58, 32, 40),
(38, '33', 1, 43, 60, 33, 43),
(39, '36', 2, 70, 59, 36, 35);

-- Dumping data for table `supliers`
INSERT INTO `supliers` (`suplier_id`, `suplier_name`, `suplier_address`, `suplier_contact`, `contact_person`, `note`) VALUES
(5, 'YumYum Confections', '45 Candy Street, Arlington, VA 22201', 'Minh Nguyen', '5716789900', 'Gourmet snacks and specialized candies'),
(6, 'Multi-Vitamin Pro', '88 Skylight Way, Falls Church, VA 22042', 'Maximus Wright', '5718890945', 'Bulk vitamins and health supplements'),
(7, 'HealthySnack Logistics', '34 Rock Street, Chantilly, VA 20151', 'Ana Tran', '5716664747', 'Organic and health-conscious food products'),
(8, 'NatureMade Distribution', '120 Ocean View Dr, Westhill, CA 91304', 'Ocean Peterson', '3011234567', 'West coast distribution partner'),
(9, 'EssentialOil Co.', '101 Rue de la Paix, Herndon, VA 20170', 'Jean Street', '7034557777', 'Premium oils and aromatherapy supplies');

-- Dumping data for table `temp_package`
INSERT INTO `temp_package` (`pkg_id`, `shipping_order_id`, `package_desc`) VALUES
(1, 1, '10 Fish Oils'),
(2, 2, '15 Ensure'),
(3, 2, '10 Vitamin C, 100 Ginger Candies, 28 dried dates'),
(4, 3, '10 Candies, 10 Ensures, 15 Fish Oils'),
(5, 4, '100 Candies,  15 Fish Oils'),
(6, 4, '80 Candies,  15 Fish Oils'),
(7, 5, '80 Candies,  15 Fish Oils'),
(8, 6, '35 Fish Oils'),
(9, 7, '38 Vitamin C');

-- Dumping data for table `temp_shipping_order`
INSERT INTO `temp_shipping_order` (`shipping_order_id`, `num_of_package`, `package_value`, `location`, `cust_name`, `cust_address`, `cust_city`, `cust_state`, `cust_zip`, `cust_phone`, `cust_email`, `recipient_name`, `recipient_address`, `recipient_phone`, `recipient_email`, `submitted_date`, `package_desc`) VALUES
(1, 1, 250, 'Sai Gon', 'Henry Jay', '123 Rose Street', 'Fairfax', 'VA', 21035, '5715289496', 'hjay@gmail.com', 'Nguyen Nguyen', '88 To Hien Thanh, Q.10. TP. HCM', '0913555678', NULL, '2022-01-28', '10 Vitamin C, 100 Ginger Candies, 28 dried dates'),
(2, 2, 80, 'Tinh', 'Anne Tran', '78 Langley Street', 'Chantilly', 'VA', 22055, '7035678907', NULL, 'Ngoc Tran', '90 Ben Thanh, Q.1, TP.HCM', '0813555698', NULL, '2022-01-27', 'Package 1: 10 Vitamin C, 10 Ginger Candies\r\nPackage 2: 20 dried dates'),
(3, 1, 50, 'Sai Gon', 'Joyce Smith', '55 Wall Street', 'Chantilly', 'VA', 20489, '5718889090', NULL, 'Alex Chau', '88 NTMK, Q.3', '0918855378', NULL, '2022-01-28', '8 Fish Oils, 100 Lolippop, clothes'),
(4, 2, 80, 'Tinh', 'Emma Tran', '78 Langley Street', 'Chantilly', 'VA', 22055, '7035678907', NULL, 'Hong Ai', '1000 Ben Thanh, Q.1, TP.HCM', '0917675678', NULL, '2022-01-25', 'Package 1: 9 Shoes, 10 Ensure\r\nPackage 2: 18 Fish Oils'),
(5, 1, 80, 'Tinh', 'Washington Lee', '99 BLuesky', 'Chantilly', 'VA', 22055, '3035678907', NULL, 'Anita', '10 Nguyen Dinh Chieu, Q.1, TP.HCM', '0913888678', NULL, '2022-01-26', '5 Vitamin C, 8 Ensure, 28 dried dates'),
(6, 1, 80, 'Saigon', 'Johanna', '78 Langley Street', 'Chantilly', 'VA', 22055, '2035678907', NULL, 'Hong Ai', '1000 Ben Thanh, Q.1, TP.HCM', '0916123678', NULL, '2022-01-15', '10 Vitamin E, 5 shoes'),
(7, 1, 80, 'Saigon', 'Yen Nguyen', '22 Langley Street', 'Chantilly', 'VA', 22055, '2035678907', NULL, 'Hong Ai', '72 Ben Thanh, Q.1, TP.HCM', '0919909678', NULL, '2022-01-13', '8 Salt package, 5 dried dates box');

-- Dumping data for table `purchase`
INSERT INTO `purchase` (`purchase_id`, `supplier_id`, `user_id`, `purchase_date`, `purchase_cost`, `purchase_qty`, `product_id`) VALUES
(9, 6, 1, '2022-03-04', 11, 13, 58),
(10, 6, 1, '2022-03-04', 11, 21, 58),
(11, 6, 1, '2022-03-04', 18, 30, 62),
(12, 7, 1, '2022-03-04', 10, 50, 65),
(13, 6, 1, '2022-03-04', 13, 50, 58),
(14, 6, 1, '2022-03-04', 8.5, 88, 59),
(15, 6, 1, '2022-03-11', 13, 15, 58),
(16, 6, 1, '2022-03-15', 15, 50, 61),
(17, 5, 2, '2022-03-15', 10, 50, 59),
(18, 5, 3, '2022-03-15', 13.5, 100, 61),
(19, NULL, 3, '2022-03-15', 13, 10, 60),
(20, 7, 3, '2022-03-15', 13.5, 30, 64),
(21, 6, 3, '2022-04-16', 13, 50, 75),
(22, 8, 3, '2022-04-17', 16, 55, 75);

SET FOREIGN_KEY_CHECKS=1;
